txn_id,is_fraud,coercion_active
TXN-79babfcee226,False,False
TXN-7aafa55f264f,False,False
TXN-fad30c748688,False,False
TXN-a3abfb9c04c8,False,False
TXN-8bbb4843f58b,False,False
TXN-9a3ef912c516,False,False
TXN-5dc96104a035,False,False
TXN-1b5b063c6182,False,False
TXN-eb616f4c3755,False,False
TXN-c03b42aaa412,False,False
TXN-62289f1fdfbf,False,False
TXN-375d36773691,False,False
TXN-fb1fd557d591,False,False
TXN-4eddf7017537,False,False
TXN-617f7d736380,False,False
TXN-c9f09747f5c2,False,False
TXN-ceaaea1c6ce6,False,False
TXN-19366f996fcc,False,False
TXN-6244ae4ae9a0,False,False
TXN-e0266ab9f651,False,False
TXN-6f3deefec419,False,False
TXN-89b7f35d5cf6,False,False
TXN-7eade9781f88,False,False
TXN-4e2c3a802fbc,False,False
TXN-c70128e182dc,False,False
TXN-e675e666fd7b,False,False
TXN-c35214593e69,False,False
TXN-932b22655316,False,False
TXN-17b888cfbec7,False,False
TXN-ff92a9cd92c0,False,False
TXN-73391db752ca,False,False
TXN-2b97c87fc48a,False,False
TXN-8f463b6be3c2,False,False
TXN-363a81689330,False,False
TXN-90231ec1832a,False,False
TXN-05f1273b1731,False,False
TXN-f7c6113de156,False,False
TXN-2be285722c3a,False,False
TXN-3e88d1fced71,False,False
TXN-2fcbf55f6818,False,False
TXN-eafb0ab6137b,False,False
TXN-4426ab6782d2,False,False
TXN-398a6378d69f,False,False
TXN-5bbc9afdc77e,False,False
TXN-7bbfe2a12e0f,False,False
TXN-6c1427c30b2b,False,False
TXN-eaa74f61e5d1,False,False
TXN-e5a498a4494b,False,False
TXN-aeda7360266b,False,False
TXN-7facd7489617,False,False
TXN-f0ed2f69b49a,False,False
TXN-4c80a8f1214b,False,False
TXN-091f1342088d,False,False
TXN-eb3b965a1f6b,False,False
TXN-c6494a9c00cc,False,False
TXN-ad6c3ad64111,False,False
TXN-7243600e579b,False,False
TXN-dd27efe75657,False,False
TXN-a4ba0f7e3389,False,False
TXN-c22189ccdcee,False,False
TXN-efc36c408f64,False,False
TXN-b51903b9c881,False,False
TXN-ca26cfa499f3,False,False
TXN-5ddc75e07a20,False,False
TXN-1c1f2f6601d3,False,False
TXN-cffe1d62e201,False,False
TXN-95caafa5fc4d,False,False
TXN-bc507f8abc82,False,False
TXN-5211c99c0f09,False,False
TXN-41d2cee9263a,False,False
TXN-9b0cc7d1148f,False,False
TXN-45b2964adf94,False,False
TXN-d0f78cc20866,False,False
TXN-1a4fc773de93,False,False
TXN-72f07287c0ac,False,False
TXN-0e3eeb5dad5c,False,False
TXN-2920531150a8,False,False
TXN-b6675138011c,False,False
TXN-8387541fc71c,False,False
TXN-b60f81739f97,False,False
TXN-8df360d0c244,False,False
TXN-2c39cbacd323,False,False
TXN-5dec9a8c910a,False,False
TXN-1e999651f521,False,False
TXN-8b5e0c4bfc2e,False,False
TXN-c6ecb8a2010b,False,False
TXN-e040b0c8d799,False,False
TXN-90fc654c2f77,False,False
TXN-94f2880d7eb7,False,False
TXN-599158cd75cf,False,False
TXN-618ea95ea85c,False,False
TXN-0dcbd44e5b5a,False,False
TXN-2c8d5c19d0ad,False,False
TXN-9d219fcfad47,False,False
TXN-dad0e7b9b1bd,False,False
TXN-803737383c90,False,False
TXN-f58235be806d,False,False
TXN-d85e2ec232d5,False,False
TXN-616e76254cb0,False,False
TXN-108d2a5b7c84,False,False
TXN-52009ed8be32,False,False
TXN-bd4153b520ac,False,False
TXN-977c1ec17104,False,False
TXN-0630495e840e,False,False
TXN-7a36e3e66fc0,False,False
TXN-92317b90b60c,False,False
TXN-89f8d7ae1fed,False,False
TXN-e0511a0ae37b,False,False
TXN-64e3b7843c6e,False,False
TXN-60fecbdfb281,False,False
TXN-6f86884dd033,False,False
TXN-afefb1013542,False,False
TXN-54a06618d053,False,False
TXN-18ee5dcf68d5,False,False
TXN-4e7c735ae90c,False,False
TXN-b6f6524ce8bc,False,False
TXN-d3dd64201214,False,False
TXN-a2c2b0f4c438,False,False
TXN-9f25552efb6a,False,False
TXN-78be5a89f5e9,False,False
TXN-8195580d55bd,False,False
TXN-245d791f33e4,False,False
TXN-e3d6cc274d84,False,False
TXN-2a0ea1c93e60,False,False
TXN-ad006c8e4fe3,False,False
TXN-872d319bfc5e,False,False
TXN-0a0479048b71,False,False
TXN-9ef7fc8c6327,False,False
TXN-10410081015a,False,False
TXN-08779fe34c0e,False,False
TXN-e2f406783f32,False,False
TXN-26690dec4d3a,False,False
TXN-e1b3c4f331aa,False,False
TXN-71e83b952599,False,False
TXN-786f03d96488,False,False
TXN-2349a00aae16,False,False
TXN-94c7314b583f,False,False
TXN-30e7998f2321,False,False
TXN-ea99b17ba761,False,False
TXN-0ef0b34ef9c2,False,False
TXN-f03630f04090,False,False
TXN-f6e2cf71b0ad,False,False
TXN-330c6d9136ed,False,False
TXN-bfb708bafa1e,False,False
TXN-b64894c6e64b,False,False
TXN-3c0db76fba6f,False,False
TXN-d115a38388ee,False,False
TXN-791593885f33,False,False
TXN-7ec465333647,False,False
TXN-5835e175417b,False,False
TXN-788cb66daa69,False,False
TXN-275604680078,False,False
TXN-f9a690d43d56,False,False
TXN-1dddc92321e9,False,False
TXN-f57794e970aa,False,False
TXN-437e669a18aa,False,False
TXN-eb7d4289f55e,False,False
TXN-8fdd541ecb3f,False,False
TXN-c7c90273db72,False,False
TXN-e7dc0c997022,False,False
TXN-3a7d569759a5,False,False
TXN-4ea66d36f1ca,False,False
TXN-7e793dfcd05c,False,False
TXN-39c879e983df,False,False
TXN-2130fc25cb31,False,False
TXN-41a6f9a068e4,False,False
TXN-ea9b8bdc9495,False,False
TXN-4b5278dab90e,False,False
TXN-639bb8936d19,False,False
TXN-b5093e520aec,False,False
TXN-1917184b5e75,False,False
TXN-8b3a76283d27,False,False
TXN-7812dc5663b8,False,False
TXN-5eed8bf27a89,False,False
TXN-8ddbe93504a1,False,False
TXN-1ca3a96bed9d,False,False
TXN-a77f215e87da,False,False
TXN-4d9405a91c09,False,False
TXN-fe3f53678347,False,False
TXN-71778ac4bd4c,False,False
TXN-e37183cfbc3a,False,False
TXN-903c9074de36,False,False
TXN-2c76c6cc948f,False,False
TXN-2ffc276032b3,False,False
TXN-c4e1d02d7f5b,False,False
TXN-e984daa1fcb9,False,False
TXN-d5040848b288,False,False
TXN-4252534cd851,False,False
TXN-9c9487e7d580,False,False
TXN-7ca8fc90b2fd,False,False
TXN-a1dd7baa6215,False,False
TXN-b6b62b091a47,False,False
TXN-bcba60fbdb92,False,False
TXN-b72594f99c79,False,False
TXN-90078c55c4f5,False,False
TXN-eca89765a7a3,False,False
TXN-22642d22687b,False,False
TXN-48a5f70ee74f,False,False
TXN-d51a8d88730a,False,False
TXN-624beebc30ff,False,False
TXN-33005f05f8fa,False,False
TXN-c80970e970fb,False,False
TXN-4a386a631cb6,False,False
TXN-6988ebc4c91d,False,False
TXN-1d4d27be3bb8,False,False
TXN-2542210f0015,False,False
TXN-38c56769a631,False,False
TXN-32db316dd230,False,False
TXN-52db5ea81291,False,False
TXN-e5ddb5f8daae,False,False
TXN-462c4f25e608,False,False
TXN-062827e5996b,False,False
TXN-42d77cc0a547,False,False
TXN-7846350ed951,False,False
TXN-07dd0ab64bd2,False,False
TXN-ad428b06a509,False,False
TXN-9b16f9b4cc1f,False,False
TXN-f86ee0286330,False,False
TXN-a273548cbe36,False,False
TXN-b956d799ab93,False,False
TXN-fbbc493ca760,False,False
TXN-844550200b8f,False,False
TXN-f3929f841e55,False,False
TXN-e8017ba28d7c,False,False
TXN-8ddc08b2850b,False,False
TXN-14506b83235a,False,False
TXN-4cdcc92bbb4f,False,False
TXN-3bc8957d1c00,False,False
TXN-5f7b35f75567,False,False
TXN-bdb941987277,False,False
TXN-cae976be0486,False,False
TXN-f1b9b0f43500,False,False
TXN-b9f342d05dc9,False,False
TXN-f3d82fd8eb31,False,False
TXN-7ed9e4ec1a1e,False,False
TXN-7b2215a6a7db,False,False
TXN-5f77bcfd4aa2,False,False
TXN-ba7e0e9fae33,False,False
TXN-17be0f0366d7,False,False
TXN-1a11db721c5c,False,False
TXN-51d78db3d590,False,False
TXN-963f5200a53d,False,False
TXN-86b27c2c27e0,False,False
TXN-4a10e3bc295b,False,False
TXN-06ebc3908cc3,False,False
TXN-e08b3b3c6246,False,False
TXN-44e2335fb553,False,False
TXN-e60a09a8246b,False,False
TXN-b87e3f0d3724,False,False
TXN-e5a13b0daee0,False,False
TXN-fb67b20db029,False,False
TXN-29c818a0a71a,False,False
TXN-e91c902c48f8,False,False
TXN-38d0e09bbce0,False,False
TXN-627d8c3502d1,False,False
TXN-4d76028d9c70,False,False
TXN-075dfd76173b,False,False
TXN-576dc1a17964,False,False
TXN-f19c828a2d39,False,False
TXN-8f9f377990d1,False,False
TXN-5faf3351a27c,False,False
TXN-13151ae86a7d,False,False
TXN-2b419058db0f,False,False
TXN-511b554675e0,False,False
TXN-50bd75f61a20,False,False
TXN-31a233dcb30c,False,False
TXN-2c0fc7f5bf5f,False,False
TXN-438ede935615,False,False
TXN-cfbc8723ee95,False,False
TXN-db6b3951e89d,False,False
TXN-1b180c4966b6,False,False
TXN-c9dedf45edb4,False,False
TXN-6d2cd2f348cc,False,False
TXN-5f0030abffa1,False,False
TXN-7ff88827851f,False,False
TXN-7cd82af15917,False,False
TXN-34045aac3216,False,False
TXN-c6abe4834d6f,False,False
TXN-e250dc11a7f3,False,False
TXN-529189bba4e4,False,False
TXN-7d343b1faab7,False,False
TXN-421aea18b996,False,False
TXN-8438130c20cc,False,False
TXN-869d69a96038,False,False
TXN-de299455ab37,False,False
TXN-79ec7badb237,False,False
TXN-06a36f9a7cd8,False,False
TXN-1cea8bbc10be,False,False
TXN-03611a51a280,False,False
TXN-665d6a8fa4fb,False,False
TXN-db46ab57fafb,False,False
TXN-15d6df243487,False,False
TXN-daa7280a6aea,False,False
TXN-43d108dc4331,False,False
TXN-172632761c39,False,False
TXN-2ae4fddddbab,False,False
TXN-0a7d5aa06238,False,False
TXN-e53bb3f330ca,False,False
TXN-7188b4a1bdc6,False,False
TXN-74499828f311,False,False
TXN-d3d80e3adaa7,False,False
TXN-e337e200ff37,False,False
TXN-890b86a8b4b3,False,False
TXN-cd1ad1ca9882,False,False
TXN-8b3023b013f1,False,False
TXN-a11490332e84,False,False
TXN-0acacbaa953a,False,False
TXN-0e3d2ba71e5a,False,False
TXN-0408d50d986e,False,False
TXN-d51d88f60dc1,False,False
TXN-c455a1235485,False,False
TXN-8ef0853a95bd,False,False
TXN-f3324440d2ab,False,False
TXN-69801a96efbc,False,False
TXN-41db9b8b4065,False,False
TXN-84323cdc9e4c,False,False
TXN-17ac0fe60d91,False,False
TXN-f1631a57069f,False,False
TXN-5a7ea8502c32,False,False
TXN-da65753bf55c,False,False
TXN-c847618639a7,False,False
TXN-7701abb7c598,False,False
TXN-b360a25bcc5f,False,False
TXN-2b84af6da3b9,False,False
TXN-94f82e5d2b46,True,True
TXN-36f1802ae9bd,False,False
TXN-5c76d3397593,False,False
TXN-44abf51f0c86,False,False
TXN-c32d2cebe0ae,False,False
TXN-dfe8ceafa7f2,False,False
TXN-0e6b526dac2d,False,False
TXN-92434168515c,False,False
TXN-4fa806838ac5,False,False
TXN-54b87d6d479f,False,False
TXN-9a3d3782b274,False,False
TXN-66724e0891a6,False,False
TXN-636b0eb6b4ad,False,False
TXN-ac183a689504,False,False
TXN-18adebb1ee20,False,False
TXN-f9311c05f1e5,False,False
TXN-4ec7af71b4dc,False,False
TXN-a8994b192d20,False,False
TXN-ae3ba0cb1557,False,False
TXN-27e03032b574,False,False
TXN-e5b020f6eca9,False,False
TXN-cfebf7fde63e,False,False
TXN-2e890ef96c0d,False,False
TXN-6edf35e77381,False,False
TXN-8ec8dcd38fca,False,False
TXN-931e1dabba9a,False,False
TXN-921700dbcd37,False,False
TXN-fad836721df6,False,False
TXN-80a8a5440bd3,False,False
TXN-a2fc650e3861,False,False
TXN-746cd6583ee6,False,False
TXN-3d76692f7649,False,False
TXN-770436038e0b,False,False
TXN-18623462a876,False,False
TXN-78df92c25644,False,False
TXN-b14e0f1a09ed,False,False
TXN-9eb365a0b36f,False,False
TXN-1a542e451e07,False,False
TXN-0c60cef1086f,False,False
TXN-1f10bc6b33f5,False,False
TXN-20dd15c060e9,False,False
TXN-2589ea6c6d10,False,False
TXN-a57ea3eb18ea,False,False
TXN-5aae834db548,False,False
TXN-fb99f49fc790,False,False
TXN-db1ca18b5927,False,False
TXN-e1ac4ba9e5eb,False,False
TXN-7c57254a68f0,False,False
TXN-ae786871d0bf,False,False
TXN-895724c75ca8,False,False
TXN-e8aaae2e3822,False,False
TXN-2568034077f1,False,False
TXN-8ab288badfdc,False,False
TXN-d5e6eef35576,False,False
TXN-10109245be28,False,False
TXN-58c97072a1c3,False,False
TXN-faa39047ebd4,False,False
TXN-003259079f91,False,False
TXN-904c3576244e,False,False
TXN-1a89229cc0b8,False,False
TXN-fc94be432e24,False,False
TXN-8557788f4e01,False,False
TXN-52bee063b127,False,False
TXN-ba261706849b,False,False
TXN-b16d9eb16042,False,False
TXN-c10609a9715e,False,False
TXN-242f18882a11,False,False
TXN-10a84f0a082f,False,False
TXN-319b241cef60,False,False
TXN-a66ebd48f971,False,False
TXN-17ee9ce36b61,False,False
TXN-4445850d5157,False,False
TXN-7762a7e30ca2,False,False
TXN-8f76c7cf082d,False,False
TXN-3e333524cc92,False,False
TXN-3b5c0561b8c5,False,False
TXN-d665a5c9535e,False,False
TXN-2ba37f9bf61b,False,False
TXN-0bb92ade9ce2,False,False
TXN-f6fc6d0a909d,False,False
TXN-ed64368503f0,False,False
TXN-a2ac2abdf695,False,False
TXN-6b4e28d2b822,False,False
TXN-856c913224b8,False,False
TXN-cebed617e380,False,False
TXN-7b16ae075a75,False,False
TXN-88023de6e0a1,False,False
TXN-bdfd3e665573,False,False
TXN-fa36bb53e0fc,False,False
TXN-ee98f70dc424,False,False
TXN-afb0f3196ada,False,False
TXN-62656947c914,False,False
TXN-ea09f05d35dc,False,False
TXN-3ef1362de223,False,False
TXN-7a08972c4d1d,False,False
TXN-6e46a70d8a6f,False,False
TXN-446fb9e80437,False,False
TXN-032eb34894ed,False,False
TXN-8ecbc19829bc,False,False
TXN-d6ac247b9fa8,False,False
TXN-9f5a1517b9e2,False,False
TXN-7d960a3608bd,False,False
TXN-4a810709c0dd,False,False
TXN-0b549a914c74,False,False
TXN-1a24e645774a,False,False
TXN-5fafd7226528,False,False
TXN-e36899eaa86d,False,False
TXN-76251591ff1c,False,False
TXN-53e774bdc9c1,False,False
TXN-f9c8e361f906,False,False
TXN-3e39ac2651cc,False,False
TXN-a6958a683a55,False,False
TXN-84efb6d861b1,False,False
TXN-848998025831,False,False
TXN-d2363bc0cf76,False,False
TXN-4cee99244abe,False,False
TXN-95a9619fe6f4,False,False
TXN-eedf8e1d668b,False,False
TXN-9b0834842aeb,False,False
TXN-dbfc3507b7f3,False,False
TXN-f55ffed65653,False,False
TXN-b75d2991f196,False,False
TXN-57facaacb031,False,False
TXN-6fda9d656181,False,False
TXN-205c46266cf3,False,False
TXN-930ab955cf91,False,False
TXN-e94631615280,False,False
TXN-ce4d7733cd8a,False,False
TXN-6096e9738d21,False,False
TXN-a6fcb0a68ab8,False,False
TXN-8f9dca9e5015,False,False
TXN-644e39a188d2,False,False
TXN-22b1c9eec213,False,False
TXN-c37079870da4,False,False
TXN-627ef76ad2bd,False,False
TXN-d99e065243b1,False,False
TXN-7fa27b783ad6,False,False
TXN-baa331105b77,False,False
TXN-4c1b73997543,False,False
TXN-aeee46dea011,False,False
TXN-8048d0b6d3f9,False,False
TXN-1e25700b2936,False,False
TXN-d86944fe15b0,False,False
TXN-b8e39e54856a,False,False
TXN-2a81a271885f,False,False
TXN-b8fde637d58b,False,False
TXN-d962e10c2e67,False,False
TXN-94591e6caeb3,False,False
TXN-e4be8394c222,False,False
TXN-18ffe0f7c93b,False,False
TXN-90703195da24,False,False
TXN-587103e32609,False,False
TXN-76286fce89cb,False,False
TXN-0702623935e6,False,False
TXN-00ce6cea5c65,False,False
TXN-9c58495ab68b,False,False
TXN-6552cda73ca8,False,False
TXN-4e12d76de96b,False,False
TXN-617d637bf32f,False,False
TXN-5f773f178242,False,False
TXN-40a01b705245,False,False
TXN-745f2a5f6922,False,False
TXN-70613942f22c,False,False
TXN-f67f6c4fd46b,False,False
TXN-b291a8c4b9ae,False,False
TXN-123fd233f66c,False,False
TXN-6966755dfcc2,False,False
TXN-f57c85583bd7,False,False
TXN-4506bbd1e2af,False,False
TXN-e943a7ca9d6d,False,False
TXN-9ffe5f2c4b27,False,False
TXN-b5b40eacd0cd,False,False
TXN-fd42fb43f105,False,False
TXN-891a2297e2b7,False,False
TXN-a8519e4ff670,False,False
TXN-08272cf34457,False,False
TXN-9d240e37aed6,False,False
TXN-11aa04f73807,False,False
TXN-7269b5c0e0c6,False,False
TXN-b95ce2549ce0,False,False
TXN-4d6603c17e37,False,False
TXN-034a360fe081,False,False
TXN-6f5f344911a6,False,False
TXN-dc313375ffe0,False,False
TXN-3e840d9abe60,False,False
TXN-a108c812c8e6,False,False
TXN-03e9eee48e65,False,False
TXN-b3b0b55860da,False,False
TXN-3d1d852cfde9,False,False
TXN-1be6b59c9a70,False,False
TXN-0a02a1cc9d21,False,False
TXN-eda3d6d2369c,False,False
TXN-e9ae4efa2db0,False,False
TXN-fb5ae2880c33,False,False
TXN-617066f0e549,False,False
TXN-32c5af854c62,False,False
TXN-f8180ff2f534,False,False
TXN-c3b71c59ed5d,False,False
TXN-878aae37d9b4,False,False
TXN-08d414d61bc5,False,False
TXN-19d4657f7c06,False,False
TXN-92aa1167a048,False,False
TXN-ad4378d8923f,False,False
TXN-36aa66537217,False,False
TXN-97271803d9bd,False,False
TXN-a6443932595f,False,False
TXN-130ddceba017,False,False
TXN-6fa89020ef27,False,False
TXN-8761b08bdd1f,False,False
TXN-be93f7d81264,False,False
TXN-79ba66434d53,False,False
TXN-a66d82698652,False,False
TXN-cb592b1b426c,False,False
TXN-9c6da14cd703,False,False
TXN-7e341bcb4455,False,False
TXN-737edb43ecef,False,False
TXN-97700e88b407,False,False
TXN-e5c59b5031ab,False,False
TXN-947d42e915f3,False,False
TXN-f188725bf0e3,False,False
TXN-66d2b45253ed,False,False
TXN-e8062361d4d3,False,False
TXN-804b8203d2b0,False,False
TXN-b30a48371d74,False,False
TXN-1976ccef97e9,False,False
TXN-7cd0f93c6555,False,False
TXN-6e5e38fcd061,False,False
TXN-34954dc76849,False,False
TXN-d38780e060d6,False,False
TXN-924e4bb2c933,False,False
TXN-50c3e4bddf7d,False,False
TXN-fb100c83f0bb,False,False
TXN-68d6c5656710,False,False
TXN-40def69d85c6,False,False
TXN-4eb828e6d77b,False,False
TXN-ad362e6cb104,False,False
TXN-74339aa62794,False,False
TXN-9319bc6d39b1,False,False
TXN-68c957266647,False,False
TXN-a6a7c76003e3,False,False
TXN-e02a7c018de2,False,False
TXN-fa179ac352ed,False,False
TXN-807cf68c5d1e,False,False
TXN-a2d9afba7de8,False,False
TXN-80423ffc085c,True,True
TXN-3474b51c9a75,False,False
TXN-a9f21cd3b90f,False,False
TXN-c2d3e08c5046,False,False
TXN-55c347fd17a4,False,False
TXN-25055926a20a,False,False
TXN-8afca9998592,False,False
TXN-e0e743f787e8,False,False
TXN-71a974d9b062,False,False
TXN-e6a1233fcb6f,False,False
TXN-5ae22e3bfd8e,False,False
TXN-2c5989174d32,False,False
TXN-1bf58f3c4f4c,False,False
TXN-fe941b47cd26,False,False
TXN-569a54b8f79c,False,False
TXN-aea66a41765b,False,False
TXN-6055e95bc8b1,False,False
TXN-fe00a4a98916,False,False
TXN-433775df0c4a,False,False
TXN-16e7cea7ee98,False,False
TXN-f8a41ec18465,False,False
TXN-931e0d130af1,False,False
TXN-eeb7133cc9d3,False,False
TXN-1f719a2129de,False,False
TXN-146a09cbe6b3,False,False
TXN-2da5d3651d3e,False,False
TXN-b5e2ea26db4b,False,False
TXN-81886910c861,False,False
TXN-eba2d7062fd3,False,False
TXN-2ce83e6585de,False,False
TXN-3d477f4440f7,False,False
TXN-b50493383a33,False,False
TXN-6dd8a1d81454,False,False
TXN-d1de7e591109,False,False
TXN-218e820ae65f,False,False
TXN-de5f0a3b6962,False,False
TXN-a5577c1be5b8,False,False
TXN-53cff674e043,False,False
TXN-6be5b06e976f,False,False
TXN-61a6b0f73ac8,False,False
TXN-e96bb899a2c8,False,False
TXN-f51cab95759d,False,False
TXN-65189f84202b,False,False
TXN-4779d6acd881,False,False
TXN-ad280fbd48a8,False,False
TXN-b0afae2cad37,False,False
TXN-e83e453143b8,False,False
TXN-2862c8e26247,False,False
TXN-69bd7c793a40,False,False
TXN-8cd3088e7f53,False,False
TXN-8bfd486e54a0,False,False
TXN-4962ac1aa17f,False,False
TXN-d4fc6892efcd,False,False
TXN-2831b2e28094,False,False
TXN-39a696239e35,False,False
TXN-b64f7f67fba5,False,False
TXN-5d578ef537df,False,False
TXN-b1a995a8b509,False,False
TXN-a2e9f9c76b07,False,False
TXN-f44d2cc717ed,False,False
TXN-6319041306a3,False,False
TXN-15541d08af98,False,False
TXN-bdb4edbad141,False,False
TXN-b97a7d57237d,False,False
TXN-7b3841f41622,False,False
TXN-f68635fd6966,False,False
TXN-63cb65f3f2e3,False,False
TXN-b6fc1dc8634d,False,False
TXN-a2ecfa360339,False,False
TXN-dc3efd64dc3c,False,False
TXN-961c7bec1da5,False,False
TXN-ffd6ff447729,False,False
TXN-d26d0851ddaf,False,False
TXN-ffedda2d81a7,False,False
TXN-8bcb56a33f6f,False,False
TXN-df03f802831e,False,False
TXN-e30a1265e320,False,False
TXN-f5f99578fb44,False,False
TXN-ac9bda78f47f,False,False
TXN-9fe5c0085d30,False,False
TXN-0bcb56505b99,False,False
TXN-2589720212c7,False,False
TXN-32a2086d3bf2,False,False
TXN-4843ef02d520,False,False
TXN-a28074966b07,False,False
TXN-2c79dc725d34,False,False
TXN-b5edf772cdbc,False,False
TXN-e6c2b6c1d22a,False,False
TXN-cb267a78ae8f,False,False
TXN-dbdd816a49a8,False,False
TXN-57706b557fe9,False,False
TXN-5b25d3a37403,False,False
TXN-0dfc755a9419,False,False
TXN-d7137b80159e,False,False
TXN-f9406b8d26e9,False,False
TXN-14bc01aee72b,False,False
TXN-7e0e0f3329ac,False,False
TXN-acbc9f790676,False,False
TXN-f1ba1d1943d3,False,False
TXN-22bc909e34d9,False,False
TXN-3915755e69ee,False,False
TXN-c0c630cf20c7,False,False
TXN-55c548f1022e,False,False
TXN-c884e2e90011,False,False
TXN-601cec4b4c80,False,False
TXN-6de25804e587,False,False
TXN-613349fc1c77,False,False
TXN-b536d7057e25,False,False
TXN-d1346fbd88d5,False,False
TXN-1c3c64ca87fa,False,False
TXN-75643692b8eb,False,False
TXN-5d5da0f66808,False,False
TXN-c280180269e5,False,False
TXN-fa602eaa82ec,False,False
TXN-d51c4a0f19bd,False,False
TXN-74a3649199ef,False,False
TXN-2bff76dde861,False,False
TXN-6ad2fa8e078c,False,False
TXN-ccfce37ac5ff,False,False
TXN-047b7868f6ed,False,False
TXN-a475cd3ffb81,False,False
TXN-32175e7f0707,False,False
TXN-b07bb84ef318,True,True
TXN-da4a528968f3,False,False
TXN-190eee6c9417,False,False
TXN-1b88df4ed4b6,False,False
TXN-014a1c3ae9ce,False,False
TXN-14b13eec780e,False,False
TXN-01e529cba709,False,False
TXN-99357320290a,False,False
TXN-b943debe0b8b,False,False
TXN-c26e968e17b4,False,False
TXN-d7dde04c9cb1,False,False
TXN-a36bf2261366,False,False
TXN-505b2e81dc7a,False,False
TXN-72a480b158e7,False,False
TXN-54d98d57803c,False,False
TXN-fec514e0396f,False,False
TXN-93e1dfb9e260,False,False
TXN-dbe8bb67f504,False,False
TXN-67e3e07227ea,False,False
TXN-b473f829e50e,False,False
TXN-62c50b7e52c5,False,False
TXN-889526be288d,False,False
TXN-bdad19424829,False,False
TXN-c67c8285240b,False,False
TXN-1125ce58ae9b,False,False
TXN-dbe0b247f1a9,False,False
TXN-4bf49e932431,False,False
TXN-70b759d03d81,False,False
TXN-e7a6a0418775,False,False
TXN-7e0fdf7d6cd3,False,False
TXN-f868283b2876,False,False
TXN-9c653ba07b08,False,False
TXN-122fe5c13fc1,False,False
TXN-4ddfe7131427,False,False
TXN-faa0d80f183d,False,False
TXN-36d9612d0da2,False,False
TXN-faf68038b8d9,False,False
TXN-0482ec683fef,False,False
TXN-83e5814bc70e,False,False
TXN-67794ea96790,False,False
TXN-cba1ebc553aa,False,False
TXN-ca7f63a4ce2d,False,False
TXN-bf19b6250e21,False,False
TXN-e4a46b729561,False,False
TXN-4dad832b2544,False,False
TXN-415cb525a621,False,False
TXN-c791a8886471,False,False
TXN-ae322a05d052,False,False
TXN-27329fed6884,False,False
TXN-a840e975381f,False,False
TXN-4d99754aabd4,False,False
TXN-3eda444e835e,False,False
TXN-5dffaec23cf2,False,False
TXN-23ec5cf77d18,False,False
TXN-4107529a3270,False,False
TXN-cb5b4519f44d,False,False
TXN-d09f87e095f6,False,False
TXN-f04f83ffe44c,False,False
TXN-d853b50b87c9,False,False
TXN-0215869bf399,False,False
TXN-485e6cf165a5,False,False
TXN-721d84d7954d,False,False
TXN-4d91971a1021,False,False
TXN-6a15e4238f38,False,False
TXN-e9041d052acb,False,False
TXN-eab9b4044010,False,False
TXN-7fe60d970bd9,False,False
TXN-6c1f26213be3,False,False
TXN-09599e38e9dc,False,False
TXN-8effdc7f5d5f,False,False
TXN-bd8b5831ea77,True,True
TXN-bdc343dd1d97,False,False
TXN-f8441b08dafd,False,False
TXN-2e8be4461a13,False,False
TXN-987764fe1da9,False,False
TXN-7a0b2a1d6844,False,False
TXN-3c91b4615394,False,False
TXN-26af492ffb97,False,False
TXN-30fa1504df99,False,False
TXN-02f5de5df775,False,False
TXN-853c6b382133,False,False
TXN-306f434edc45,False,False
TXN-57da05b67319,False,False
TXN-30f5d2638d0f,False,False
TXN-864e0019a81b,False,False
TXN-f63201dede57,False,False
TXN-e7f32c770cd2,False,False
TXN-da7c7b91dc31,True,True
TXN-66ae8036d43b,False,False
TXN-9f4afb38c613,False,False
TXN-75f0c7df282f,False,False
TXN-265d17e9eb85,False,False
TXN-44ba85641e0c,False,False
TXN-f5218b465253,False,False
TXN-ed6866cff650,False,False
TXN-0ecbf365148b,False,False
TXN-3d7eb7953c9e,False,False
TXN-0830e3ec1b4e,False,False
TXN-f5c3d4ad708b,False,False
TXN-f09794b5b651,False,False
TXN-426188903c82,False,False
TXN-b0a035725312,False,False
TXN-23437281834e,False,False
TXN-5e983ed3012a,False,False
TXN-67e4fb48df92,False,False
TXN-087872d4c49d,False,False
TXN-7e0caf094463,False,False
TXN-8830e9448c6a,False,False
TXN-44b529c28b95,False,False
TXN-22ee4f7c153c,False,False
TXN-f3ae76a2b40a,False,False
TXN-c3895b2115bd,False,False
TXN-2038bd2912b0,False,False
TXN-112afc59d231,False,False
TXN-e18f26973975,False,False
TXN-b6eef561a5f0,False,False
TXN-79ecae023b23,False,False
TXN-6fca63ecba75,False,False
TXN-2dd0765d1967,False,False
TXN-0a9cbdaba35f,False,False
TXN-19b9a5986030,False,False
TXN-bd2218d523e9,False,False
TXN-942ff284154b,False,False
TXN-a17a55fe4309,False,False
TXN-364d0112cbc3,False,False
TXN-93c281234ea0,False,False
TXN-f18aefcae3d0,False,False
TXN-1a8a521a34e6,False,False
TXN-226471edafae,False,False
TXN-dcdecf7e7fd0,False,False
TXN-c66883fb0ac0,False,False
TXN-f49e5f15237b,False,False
TXN-a2c0abc6c1b2,False,False
TXN-c819029ea47c,False,False
TXN-8b9678c263c8,False,False
TXN-dd1e0ea10c88,False,False
TXN-a36137e6d7cf,False,False
TXN-d9ddbd4a6138,False,False
TXN-6b0227f8e350,False,False
TXN-a04ac8dfa782,False,False
TXN-cc0abf0412d0,False,False
TXN-d06daae0e3e5,False,False
TXN-b43f22c53149,False,False
TXN-4e9501fc0863,False,False
TXN-3dc8317506fa,False,False
TXN-33ea04f6d08b,False,False
TXN-78e9906b70f9,False,False
TXN-3bcce11ab98a,False,False
TXN-dc65dd4bb3c3,False,False
TXN-ca1dd3208395,False,False
TXN-828e6dd2bfa5,False,False
TXN-eeeb92f05c40,False,False
TXN-75af61f8406c,False,False
TXN-0e9b953f15c0,False,False
TXN-a473a19069f6,False,False
TXN-ea4ac67cdafc,False,False
TXN-078174e36186,False,False
TXN-6ae02fce0fa0,False,False
TXN-b6da2e032231,False,False
TXN-1534b3ca42bf,False,False
TXN-6249c6fe3d7b,False,False
TXN-b9e9ad50d444,False,False
TXN-10573d0d9c2c,False,False
TXN-28524de4b67d,False,False
TXN-148ce89ccfe3,False,False
TXN-989f6429784d,False,False
TXN-5ca87844c841,False,False
TXN-2ee3fc526243,False,False
TXN-8c670089fab1,False,False
TXN-e450ad5197e7,False,False
TXN-89d5ceec4454,False,False
TXN-0296e44f2043,False,False
TXN-bf988a5fcbea,False,False
TXN-1cd3d6057816,False,False
TXN-c0f04a75425a,False,False
TXN-96153408ea9c,False,False
TXN-b9c85730ae6d,False,False
TXN-90680dbccb5c,False,False
TXN-851d8451ca6b,False,False
TXN-bc9e4a736243,False,False
TXN-a1574730119f,False,False
TXN-186ce1cc7f13,False,False
TXN-d5b07c4a3052,False,False
TXN-d960ebe170b6,False,False
TXN-3a38818101cd,False,False
TXN-14ed4ed0fa13,False,False
TXN-21880524338f,False,False
TXN-fb7f357b4eb8,False,False
TXN-47e8c71b8d99,False,False
TXN-0a0ce5a761c8,False,False
TXN-90b081b81fbd,False,False
TXN-092aef458133,False,False
TXN-b5b9b328197f,False,False
TXN-a860a4069601,False,False
TXN-8cc59e14511f,False,False
TXN-7b894a1de61a,False,False
TXN-d1d01a94d10d,False,False
TXN-6d810a7c15a8,False,False
TXN-6e03f1f58e0a,False,False
TXN-86de02b423fb,False,False
TXN-ebbeac0829f8,False,False
TXN-70e6aac6051c,False,False
TXN-7966cc29a229,False,False
TXN-e63ca772f3b6,False,False
TXN-29c9909aba4a,False,False
TXN-13a3cdc422d3,False,False
TXN-fe3f523a65b5,False,False
TXN-1498d408f01f,False,False
TXN-4a59f5d936a0,False,False
TXN-f27fdf8bc0ba,False,False
TXN-287e429c9c8a,False,False
TXN-7917d467891b,False,False
TXN-2fd31224cac2,False,False
TXN-958a3f4aabae,False,False
TXN-ab25c4f82df1,False,False
TXN-17cd84ec748f,False,False
TXN-519bc64cb9af,False,False
TXN-890ec5886c19,False,False
TXN-63f771830ae7,False,False
TXN-f244a38c52d0,False,False
TXN-514a8210d0d0,False,False
TXN-a1b26db5a5fe,False,False
TXN-90c2b495d680,False,False
TXN-fd1cb9881c85,False,False
TXN-5daa199f987b,False,False
TXN-bd89590b9bdb,False,False
TXN-170141699f8c,False,False
TXN-4ac57d8b71b3,False,False
TXN-7dd968033ed1,False,False
TXN-59919fb380b6,False,False
TXN-ef6b0c2569f3,False,False
TXN-885bacd02b9a,False,False
TXN-0ffe489a39e1,False,False
TXN-293f89b4fd6a,False,False
TXN-3d79925b588b,False,False
TXN-5936ed799205,False,False
TXN-b4fd6c539939,False,False
TXN-cee5c96b1b33,False,False
TXN-edcd4d69f6bd,False,False
TXN-4848631125f2,False,False
TXN-3e7cb6b21461,False,False
TXN-a94e6b5cf7c4,False,False
TXN-47c53d503033,False,False
TXN-58d87c4ad877,False,False
TXN-3b4f0ae40050,False,False
TXN-df9759372d88,False,False
TXN-a9b183d96b93,False,False
TXN-6ccbe1fb5f77,False,False
TXN-dad5cf1ab4a4,False,False
TXN-7dfcd4c0b94d,False,False
TXN-6787ec216747,False,False
TXN-82a9f5d763b3,False,False
TXN-c0ec69b5b80e,False,False
TXN-d161aba25c44,False,False
TXN-17ed00a8afb4,False,False
TXN-07326a8777cc,False,False
TXN-fffe3af205ae,False,False
TXN-b8136e5b5102,False,False
TXN-f6a023bd7c9e,False,False
TXN-26d0623cef2c,False,False
TXN-32bf24b858d9,False,False
TXN-12ecc5becb43,False,False
TXN-7986ead94f5d,False,False
TXN-c60914bcf102,False,False
TXN-e9359ce24181,False,False
TXN-5abc014474d9,False,False
TXN-58a9f0fbca8f,False,False
TXN-59d7807f4a50,False,False
TXN-2945a08d4c42,False,False
TXN-086f67ae55e3,False,False
TXN-8fe71a8e1100,False,False
TXN-b1cd022ba015,False,False
TXN-ce199b16a47c,False,False
TXN-9a72bdbb1fc4,False,False
TXN-d8a62f02cd3e,False,False
TXN-84f23a6245e6,False,False
TXN-08a72cc08805,False,False
TXN-c187f45ddc95,False,False
TXN-6620da38d970,False,False
TXN-0cec29f1c73b,False,False
TXN-479737ee5df0,False,False
TXN-6e5e845fece0,False,False
TXN-fc5e838903f5,False,False
TXN-2395dff9327e,False,False
TXN-39c80709ceea,False,False
TXN-de0491927f53,False,False
TXN-7581050ed50c,False,False
TXN-e1a9a8b71faa,False,False
TXN-04c406fa54e9,False,False
TXN-67eee8e4c7af,False,False
TXN-fd3f0e8b157d,False,False
TXN-ee4218f25bcd,False,False
TXN-b402f684ca87,False,False
TXN-107147eff5a1,False,False
TXN-97b66a32eb2d,False,False
TXN-f3edb584e89e,False,False
TXN-83d170da0f85,False,False
TXN-c3632f3692d5,False,False
TXN-7ff5c94f1fcb,False,False
TXN-e028096f7b09,False,False
TXN-c5c013053269,False,False
TXN-1b683a9a6a5d,False,False
TXN-ab7db63777cb,False,False
TXN-6a3c52e5a7f4,False,False
TXN-7a6e9c37a35b,False,False
TXN-b20dd35b0611,False,False
TXN-8837149d7255,False,False
TXN-5d9d0d80643b,False,False
TXN-325af5fb4462,False,False
TXN-467ade226013,False,False
TXN-76da3e31c450,False,False
TXN-51d36a340416,False,False
TXN-071d6050c540,False,False
TXN-d8f04662bcc6,False,False
TXN-ecb16962bcea,False,False
TXN-3c14fba4ad79,False,False
TXN-f82fa9ba41dd,False,False
TXN-d806bac06288,False,False
TXN-e00f06c6164e,False,False
TXN-739392b1e50b,False,False
TXN-7ba5a69a6bcf,False,False
TXN-2775460e0823,False,False
TXN-fb711574fc6a,False,False
TXN-c9166f00878d,False,False
TXN-a2d2b8acd1f5,False,False
TXN-e282ae7759c5,False,False
TXN-d54b8fd03b05,False,False
TXN-29e2ea3ceab3,False,False
TXN-146fdb86c4f2,False,False
TXN-2f2f74a4ab08,False,False
TXN-45bfa9fd1e3d,False,False
TXN-1e34c0f1ec61,False,False
TXN-2a0bde2698a7,False,False
TXN-fead6e4d44da,False,False
TXN-939830d60820,False,False
TXN-7638b4ed1d28,False,False
TXN-990112a92676,False,False
TXN-a3bda5d54bc2,False,False
TXN-39d4fa1f7d7f,False,False
TXN-c6255a4bdf7f,False,False
TXN-0e8f4e243823,False,False
TXN-ca0f8142c336,False,False
TXN-32afb0207fba,False,False
TXN-824016c49f53,False,False
TXN-bdca2a2c3f2b,False,False
TXN-eb5e69a2789c,False,False
TXN-4353dd5ea079,False,False
TXN-725635914417,False,False
TXN-186652211846,False,False
TXN-00a66cea4f1d,False,False
TXN-d5e9d5a3cb73,False,False
TXN-18c536653e50,False,False
TXN-07fb61baaf5f,False,False
TXN-44b129f0a33a,False,False
TXN-33f75d603d2f,False,False
TXN-defb96473b9a,False,False
TXN-c61a11b89549,False,False
TXN-95ba7abd6849,False,False
TXN-1bdb373062e4,False,False
TXN-6e0f343ff8ac,False,False
TXN-7219a9b7202d,False,False
TXN-c7e30f14d126,False,False
TXN-9a438c37100a,False,False
TXN-55a8557487c2,False,False
TXN-ee3e85654520,False,False
TXN-1b9249908a14,False,False
TXN-0a034790deb8,False,False
TXN-9ed5f4c02370,False,False
TXN-961da672e982,False,False
TXN-b88f96017e9f,False,False
TXN-246e0d1d0a7f,False,False
TXN-97e048b03a1e,False,False
TXN-53cee1e8022d,False,False
TXN-b7b223f2d131,False,False
TXN-29c819f587d9,False,False
TXN-d81a9ba4d37a,False,False
TXN-253462abaa8f,False,False
TXN-3929f158369a,False,False
TXN-4615767635fd,False,False
TXN-2774b7b9b654,False,False
TXN-6bcdc6722ce1,False,False
TXN-ded3ec7ae801,False,False
TXN-3d7d7e3a6ba3,False,False
TXN-39eccf9d39cc,False,False
TXN-5e31073e2514,False,False
TXN-639785e9821b,False,False
TXN-12251a3aaa83,False,False
TXN-2a7ff5b1f273,False,False
TXN-d7b9e63d5bea,False,False
TXN-33b9afec3e0d,False,False
TXN-3d17cc960dcb,False,False
TXN-26de0cb70d30,False,False
TXN-1888c3f6edcd,False,False
TXN-c53d02135f3a,False,False
TXN-d59b17ee175c,False,False
TXN-6dda7904de2a,False,False
TXN-4b80a14222f8,False,False
TXN-f58aa818980e,False,False
TXN-cde72d97ac4c,False,False
TXN-b1ada47d4090,False,False
TXN-80b5dbdb5549,False,False
TXN-2b84936eb09d,False,False
TXN-6e7edd22a6d0,False,False
TXN-dbc7ca82dafe,False,False
TXN-1c7690bce14d,False,False
TXN-77787160cfeb,False,False
TXN-4e341111fe07,False,False
TXN-5e1582416c7c,False,False
TXN-a9002c626572,False,False
TXN-2201d2af3b79,False,False
TXN-5a651dca8b5a,False,False
TXN-17fe15d61cf4,False,False
TXN-e9709b9ee295,False,False
TXN-2504d4e258d0,False,False
TXN-26d3d482a1c4,False,False
TXN-93eb1db5c865,False,False
TXN-72954b96971c,False,False
TXN-f2450c9a95e0,False,False
TXN-e771e884a3a3,False,False
TXN-566203296ae4,False,False
TXN-f126e21364d4,False,False
TXN-72eb430093fd,False,False
TXN-ac8c84d4e929,False,False
TXN-6a7ec4f4e3d2,False,False
TXN-e906b8eed136,False,False
TXN-9821ee23a69c,False,False
TXN-609997ecb954,False,False
TXN-ca50b685cc91,False,False
TXN-ac75d7ec6059,False,False
TXN-65af5dbcdef4,False,False
TXN-cc7eb46eb4fe,False,False
TXN-0fa775ae2d7d,False,False
TXN-b7efa4c82246,False,False
TXN-daefb7d7263f,False,False
TXN-8f4db09765be,False,False
TXN-b757e93d07b2,False,False
TXN-9c3c577eea3f,False,False
TXN-980a83010bd0,False,False
TXN-67bcd9f97bb7,False,False
TXN-2b8d51c144a5,False,False
TXN-0d248489ab0e,False,False
TXN-d476118c7181,False,False
TXN-12ba04c470cf,False,False
TXN-eb0b2fb88a7e,False,False
TXN-4bc92544616e,False,False
TXN-14ab3331ba97,False,False
TXN-2b7b645209fe,False,False
TXN-e61e7dce4752,False,False
TXN-4b0251988cf2,False,False
TXN-016eee5f2ad2,False,False
TXN-5065eeff6fe1,False,False
TXN-7f2b008a245f,False,False
TXN-cdb98e12a144,False,False
TXN-603edf75cb81,False,False
TXN-cf15240195d0,False,False
TXN-462eb28375d6,False,False
TXN-954b89f4c147,False,False
TXN-e9baecc2cc05,False,False
TXN-aa2e3b9b17b8,False,False
TXN-1bc53110fdaf,False,False
TXN-05ff147d9425,False,False
TXN-02870819947c,False,False
TXN-f9013b0bf86c,False,False
TXN-86cc3b3dae93,False,False
TXN-ea38cdc4e4b2,False,False
TXN-3b76ec565f8b,False,False
TXN-a9c6d494e2c3,False,False
TXN-07dcae431262,False,False
TXN-3c0a5687adf3,False,False
TXN-d3a582755f26,False,False
TXN-d8e7fb2b5e2e,False,False
TXN-68715e05a359,False,False
TXN-e221f0d31f76,False,False
TXN-c7c383c8fd4b,False,False
TXN-8b9fbee0c6f3,False,False
TXN-3533e6226e42,False,False
TXN-b786e17b2cd4,False,False
TXN-5f431b8141c6,False,False
TXN-49472fc8e5c9,False,False
TXN-15058e239a6d,False,False
TXN-85896ef6c75d,False,False
TXN-811e1786201f,False,False
TXN-0daaa088b1c6,False,False
TXN-ecf1161a4e7e,False,False
TXN-1a11ae722553,False,False
TXN-f22ab48f0651,False,False
TXN-c81f16f7d5c4,False,False
TXN-d26c197c2a23,False,False
TXN-f30c11fb7255,False,False
TXN-32c579810724,False,False
TXN-f3d51180a8cc,False,False
TXN-4b1b33baa8d8,False,False
TXN-210ae1fdd630,False,False
TXN-4e0f7961650f,False,False
TXN-5c4f825beda4,False,False
TXN-7bb7a9b54808,False,False
TXN-f812d19e72c1,False,False
TXN-092cc60b749e,False,False
TXN-8e37c75a8fd0,False,False
TXN-91cf5814c9f6,False,False
TXN-0e8dc09865be,False,False
TXN-159c3194e2ee,False,False
TXN-c47344f6ba84,False,False
TXN-cd1d88cdfcc7,False,False
TXN-a23bd74fec8a,False,False
TXN-698c29b629aa,False,False
TXN-06d2eaa083ba,False,False
TXN-dedecf67da32,False,False
TXN-665e7220354c,False,False
TXN-4f8b6a431ebf,False,False
TXN-6350e864ac06,False,False
TXN-8b75daba3ce7,False,False
TXN-0113647a0e0d,False,False
TXN-5714b5c13c59,False,False
TXN-031dffabc4e9,False,False
TXN-b60ac17496a0,False,False
TXN-1ec667ebc5b3,False,False
TXN-22eacfdb89cb,False,False
TXN-a31b9ce5363e,False,False
TXN-30f40724d50e,True,True
TXN-ab968f7c7f9e,False,False
TXN-55e52731c652,False,False
TXN-a29ba695999c,False,False
TXN-a3eb6905b39a,False,False
TXN-667d7b936061,False,False
TXN-a0c75a23d078,False,False
TXN-733360ea0571,False,False
TXN-bf345e15ea88,False,False
TXN-52813f171583,False,False
TXN-1ecc58acc2b2,False,False
TXN-a6af23e327b7,False,False
TXN-93ef1a258189,False,False
TXN-f7d8c26516b9,False,False
TXN-57779ae613d8,False,False
TXN-655649af8002,False,False
TXN-80f84ef09ba3,False,False
TXN-e70952ac7fbd,False,False
TXN-cbdbae5374fe,False,False
TXN-218ced62cf5d,False,False
TXN-8d278fe25b9f,False,False
TXN-1005341d5b3a,False,False
TXN-f34ba8e2491f,False,False
TXN-d9b010f5b55c,False,False
TXN-a197ea85510e,False,False
TXN-6a03349eb99f,False,False
TXN-067bb23d5556,False,False
TXN-7e41f6e35a86,False,False
TXN-2d208556b5ff,False,False
TXN-180eea305676,False,False
TXN-d72fb172b106,False,False
TXN-0d79dd987c49,False,False
TXN-3e2a314ea3d1,False,False
TXN-2cc199dc023e,False,False
TXN-5334c9da64cc,False,False
TXN-31411fe882d8,False,False
TXN-9403cee08fbe,False,False
TXN-ef18fff8afc9,False,False
TXN-be8cc4771ec8,False,False
TXN-7a1f7ad42c43,False,False
TXN-5acb9e882651,False,False
TXN-5e4c5b46ab16,False,False
TXN-dc9735b77083,False,False
TXN-4358b9ebc003,False,False
TXN-411aefcddebb,False,False
TXN-62bb56e1b9d9,False,False
TXN-c47ac6ccce2c,False,False
TXN-91061aae53af,False,False
TXN-f38d82cefb9a,False,False
TXN-9f11fad9de6e,False,False
TXN-85e074b705b2,False,False
TXN-42ff37dda548,False,False
TXN-26926ee61e1e,False,False
TXN-b176e751bb54,False,False
TXN-068ced3b6cc9,False,False
TXN-3757f158474d,False,False
TXN-4992cadfe2f0,False,False
TXN-3092f079b09d,False,False
TXN-d93e269a27e3,False,False
TXN-f323f1e724d2,False,False
TXN-f52ef7e4423b,False,False
TXN-20965e320f05,False,False
TXN-0f7399c0b7ea,False,False
TXN-9323b2d8704f,False,False
TXN-94f6a78f659b,False,False
TXN-7dd530a1b4e8,False,False
TXN-c8a6216289b9,False,False
TXN-04442007ddec,False,False
TXN-deabc697e8b7,False,False
TXN-ad1abc6010cf,False,False
TXN-93dd965f6168,False,False
TXN-c2027db83084,False,False
TXN-c4fd54796a71,False,False
TXN-3a0a96409211,False,False
TXN-4f24124bea1a,False,False
TXN-8ed34742a56c,False,False
TXN-b687bb4bdc55,False,False
TXN-f2f8b15cbc20,False,False
TXN-7416aa77c1b9,False,False
TXN-cc6d7dfebcc6,False,False
TXN-3a14c5ccf81b,False,False
TXN-89bab2685ec9,False,False
TXN-c57d2d61fdb1,False,False
TXN-716c6333dc46,False,False
TXN-0a3e0771e3b8,False,False
TXN-4c7a338799d4,False,False
TXN-7268d62fff2b,False,False
TXN-49aaf4dfad41,False,False
TXN-fac648124ac5,False,False
TXN-e4511b9c1fa6,False,False
TXN-170b71ff7158,False,False
TXN-d9bc73453275,False,False
TXN-b279b1341ffa,False,False
TXN-0ff889740961,False,False
TXN-bcdc1a5a9dbd,False,False
TXN-75ef637fa155,False,False
TXN-a9c57b4241fd,False,False
TXN-f855115907b0,False,False
TXN-9d05a4a74a95,False,False
TXN-e0f0fd315d82,False,False
TXN-09212078b950,False,False
TXN-ad7fa9d828a4,False,False
TXN-dd92d0695cda,False,False
TXN-665262937a97,False,False
TXN-74f00f05dbe6,False,False
TXN-6d763def7f94,False,False
TXN-f79c74a4e466,False,False
TXN-8d3d69595b3e,False,False
TXN-64ccbb79efaf,False,False
TXN-3d9d92e967a0,False,False
TXN-86c7899668cd,False,False
TXN-ba9a1df149cc,False,False
TXN-4eba68ff4d76,False,False
TXN-ac433cc2cb18,False,False
TXN-e851446d616e,False,False
TXN-3a11ef42a181,False,False
TXN-888ce00fe388,False,False
TXN-df8cc56d6736,False,False
TXN-b4e6f8070269,False,False
TXN-045e32ef8675,False,False
TXN-34acbfccc1f3,False,False
TXN-78fdeb56e24f,False,False
TXN-b7695b984eca,False,False
TXN-7da12c153c29,False,False
TXN-ab9abc9fecfd,False,False
TXN-1a4e4270e4db,False,False
TXN-d245fe41f568,False,False
TXN-2c1b284ca2bd,False,False
TXN-c44397c04f8e,False,False
TXN-2608e37e994c,False,False
TXN-083c1d68b67d,False,False
TXN-4570d2a960bb,False,False
TXN-f8a725ce9b38,False,False
TXN-e93ced55dfb3,False,False
TXN-d665421e86b0,False,False
TXN-d9d910add8ee,False,False
TXN-ee179dd7826c,False,False
TXN-d7bf67af0fa1,False,False
TXN-ef61584d9727,False,False
TXN-ec8952fa5e51,False,False
TXN-a34c8bf1c6d8,False,False
TXN-0e3fd2fec662,False,False
TXN-b6e8845ef074,False,False
TXN-87a0d910fd7b,False,False
TXN-c800d7a51fe5,False,False
TXN-2a4ec5dd7430,False,False
TXN-4df0975cda4f,False,False
TXN-eb5551d13cee,False,False
TXN-4fc2d25cdd8b,False,False
TXN-9ab28709b677,False,False
TXN-936ca2e09295,False,False
TXN-718c6d9d3687,False,False
TXN-82907fea6c8e,False,False
TXN-528409cf57e9,False,False
TXN-011cf78c2064,False,False
TXN-776e3eb69f46,False,False
TXN-f2fd91f810a8,False,False
TXN-f53da0bb3f5e,False,False
TXN-4fc299691094,False,False
TXN-cd6c0b22cb4a,False,False
TXN-9945acad3905,False,False
TXN-6f22bd7b262c,False,False
TXN-046716470636,False,False
TXN-ceb1c8701174,False,False
TXN-efceffadf252,False,False
TXN-91c26e0c6dc2,False,False
TXN-aba212dc19d5,False,False
TXN-a45300b1a620,False,False
TXN-ad57ecd2837b,False,False
TXN-9c7683b49e08,False,False
TXN-c46e800d0d9f,False,False
TXN-8c845cf0a58b,False,False
TXN-948ae9d3f742,False,False
TXN-33e867b05674,False,False
TXN-3d933a905343,False,False
TXN-999b99d3df0e,False,False
TXN-f71d681a3d87,False,False
TXN-0597f34ee44f,False,False
TXN-5dc3ae662355,False,False
TXN-ae2ac58b1468,False,False
TXN-cc96edc88807,False,False
TXN-aa1e56e1e3bf,False,False
TXN-eb4d6f333ef0,False,False
TXN-c28a1b34c20b,False,False
TXN-070788bafb84,False,False
TXN-cc4f476ece3e,False,False
TXN-7771cbc5b3c0,False,False
TXN-7b73492325ae,False,False
TXN-bd45725bcb47,False,False
TXN-4621e6d8337e,False,False
TXN-a230de3f9557,False,False
TXN-92e55118a549,False,False
TXN-2aff4acea584,False,False
TXN-ee66f6e985f7,False,False
TXN-8e2084a1e9d6,False,False
TXN-ba560dbfec4b,False,False
TXN-b92cae86bfcf,False,False
TXN-98ba8abb2514,False,False
TXN-eda249835d12,False,False
TXN-7e53fcc9629b,False,False
TXN-5637f085b5e6,False,False
TXN-7cbeb9a09a52,False,False
TXN-a49e20005d6d,False,False
TXN-18ff379038af,False,False
TXN-ab45ea0e7260,False,False
TXN-acc3eb70153b,False,False
TXN-f709f29b03de,False,False
TXN-bcd4797d4877,False,False
TXN-f4a185a50d44,False,False
TXN-46a569080344,False,False
TXN-3b64771fe681,False,False
TXN-ffe95f65607d,False,False
TXN-a7a1cb3dcb7c,False,False
TXN-cd86fb53a5dc,False,False
TXN-a67a85afe2b1,False,False
TXN-a7edd568f97f,False,False
TXN-704714350963,False,False
TXN-742fcc910830,False,False
TXN-d8f50a833b4d,False,False
TXN-35dc2e490e07,False,False
TXN-1cb72e7f95a7,False,False
TXN-9cb43d0569f3,False,False
TXN-f8577588b564,False,False
TXN-cefe0707b023,False,False
TXN-501916dcbf25,False,False
TXN-bbb53883d799,False,False
TXN-67567f5742a4,False,False
TXN-e12774f1e4a5,False,False
TXN-7724f98925f6,False,False
TXN-63249ac3c06e,False,False
TXN-db7ee10ff9bf,False,False
TXN-fe182d059f96,False,False
TXN-ce90d85c5292,False,False
TXN-d9379ee2363a,False,False
TXN-96f7237b9b01,False,False
TXN-02dc32f07970,False,False
TXN-b033a8afae67,False,False
TXN-db9208b1fc14,False,False
TXN-61008bec30f4,False,False
TXN-82d75f9fdd97,False,False
TXN-24345e970cc2,False,False
TXN-a0e74d5e957e,False,False
TXN-0cb93caebba0,False,False
TXN-a22951e0d858,False,False
TXN-1e2bafb702f4,False,False
TXN-a658fe2a5440,False,False
TXN-2a78af96abdd,False,False
TXN-94cdb0a9bd50,False,False
TXN-f4d6c3dba36f,False,False
TXN-b9f414186fc0,False,False
TXN-a6e21801c75b,False,False
TXN-4e3d3aed49be,False,False
TXN-dcd0a67233d3,False,False
TXN-b65c8adf8f0f,False,False
TXN-63c9efc3b787,False,False
TXN-fd2af60269d6,False,False
TXN-e6f7dec8de57,False,False
TXN-ab799de97188,False,False
TXN-6f6d7f087c66,False,False
TXN-e83eac9f9a12,False,False
TXN-7fab15b36bd5,False,False
TXN-a019dfb58f9b,False,False
TXN-e093871a999a,False,False
TXN-345149e71802,False,False
TXN-64b2c8c755fd,False,False
TXN-d0a6827c17a2,False,False
TXN-8913d08b972b,False,False
TXN-d66b57433aca,False,False
TXN-7b8b622d510a,False,False
TXN-f57eb7d47cf9,False,False
TXN-7d681dd67fa0,False,False
TXN-09ba0f71d710,False,False
TXN-110df1eeb6ff,False,False
TXN-23c02c68742a,False,False
TXN-d43b97bfc4a8,False,False
TXN-9e1b910ebea3,False,False
TXN-5f5a9c51ba88,False,False
TXN-4747403ccb5f,False,False
TXN-e543d361aa16,False,False
TXN-1e4ae93c5080,False,False
TXN-86e9abc46d4e,False,False
TXN-35a71fcff75e,False,False
TXN-1d48e464326e,False,False
TXN-b972f5af9fdc,False,False
TXN-16a011942da9,False,False
TXN-a4946fed7115,False,False
TXN-68c2f314d88c,False,False
TXN-b9f05c396241,False,False
TXN-f226598349f9,False,False
TXN-3c10015a459c,False,False
TXN-e76182c0e4fd,False,False
TXN-228d86bd180e,False,False
TXN-35afac4821bc,False,False
TXN-702eb855900f,False,False
TXN-f6aac559723e,False,False
TXN-2f98404c084b,False,False
TXN-48a5832b8008,False,False
TXN-3b8aa455a77c,False,False
TXN-69eab86855ca,False,False
TXN-d5e80bfa9831,False,False
TXN-a75647862b40,False,False
TXN-71047100797a,False,False
TXN-a6c23a2f4e56,False,False
TXN-422369a35999,False,False
TXN-8dc2802ff924,False,False
TXN-f08c58e82966,False,False
TXN-39558ec21514,False,False
TXN-15346aa2f14e,False,False
TXN-cfce2706a8ce,False,False
TXN-5ff33147d4ff,False,False
TXN-c225d82f4c1c,False,False
TXN-32e5c0a3fb7f,True,True
TXN-cdc4f9979ceb,False,False
TXN-6be8c25bffa1,False,False
TXN-3b84dcdac046,False,False
TXN-9516025f7679,False,False
TXN-0943e6b908b6,False,False
TXN-b810a8009fe7,False,False
TXN-571bf290dafb,False,False
TXN-ad0173052866,False,False
TXN-57d98a17efb9,False,False
TXN-f5e0bb06a543,False,False
TXN-25e1ce822a63,False,False
TXN-10aaaf6197f1,False,False
TXN-807787d8f267,False,False
TXN-fcb482d2e2f8,False,False
TXN-c22986061f11,False,False
TXN-37fd61d4bf20,False,False
TXN-9bb55028a6f8,False,False
TXN-c54ae11c4199,False,False
TXN-6a5f3d9dc262,False,False
TXN-cdc11e4d0e5a,False,False
TXN-da7e08548c60,False,False
TXN-951e404db615,False,False
TXN-4258d34f3dc3,False,False
TXN-8d4027cba1a8,False,False
TXN-e55390bf2c3b,False,False
TXN-7c0dcb90280a,False,False
TXN-f42816fcf2e3,False,False
TXN-cf8d03587af2,False,False
TXN-ba90844fe2e9,False,False
TXN-f1cd1c06365a,False,False
TXN-60cceed7e962,False,False
TXN-969d7a47ba87,False,False
TXN-b924e5aa2dc5,False,False
TXN-51f34b4149ff,False,False
TXN-b5370402a3a2,False,False
TXN-072a344865b0,False,False
TXN-0c60e48a1311,False,False
TXN-cbe8c26d2855,False,False
TXN-98996af62ddf,False,False
TXN-f87540deddb1,False,False
TXN-702df9169044,False,False
TXN-32aaa6f926a1,False,False
TXN-f1eedf0d2cd7,False,False
TXN-b38a76047596,False,False
TXN-519ebed8f87c,False,False
TXN-5f8b8db2f72a,False,False
TXN-cfd325b992d7,False,False
TXN-173e6d96c1a6,False,False
TXN-5ba8b154d476,False,False
TXN-97053b5dad6e,False,False
TXN-6087950ab227,False,False
TXN-686a12a640aa,False,False
TXN-1932c96d7dd2,False,False
TXN-535816716de8,False,False
TXN-ab1380cb507d,False,False
TXN-4a574706b1fe,False,False
TXN-15272527fc03,False,False
TXN-723ff21b46b2,False,False
TXN-cc03fb09bbbf,False,False
TXN-e5db47d29c59,False,False
TXN-cdde99bfa097,False,False
TXN-06a5b745a8e0,False,False
TXN-82d6b64d8adb,False,False
TXN-bd42d588e73a,False,False
TXN-f30cee39a949,False,False
TXN-38b0d0766565,False,False
TXN-0b77cc3e7be0,False,False
TXN-7e6a32444a70,False,False
TXN-38e164a14842,False,False
TXN-6d8b17bac7a7,False,False
TXN-e75d3461d541,False,False
TXN-a73da99f2624,False,False
TXN-72c7eb9e9aab,False,False
TXN-06b5f9251d58,False,False
TXN-28116d294d30,False,False
TXN-267b9d48c373,False,False
TXN-0a72baa3194b,False,False
TXN-6fb58fe9c65f,False,False
TXN-e6f0337cc277,False,False
TXN-c84102b7197c,False,False
TXN-7685f4c80dd0,False,False
TXN-fc11c76b520d,False,False
TXN-c85d07f841fc,False,False
TXN-623dd0af37d4,False,False
TXN-4dbeb8e7980f,False,False
TXN-fee12d91f352,False,False
TXN-c67f96efd092,False,False
TXN-640d1c250b01,False,False
TXN-bb690e719d9c,False,False
TXN-1cf825e363de,False,False
TXN-695630cf3252,False,False
TXN-342266013391,False,False
TXN-f04797a4c5d9,False,False
TXN-ac914e4f7cd5,False,False
TXN-0a969a44a87f,False,False
TXN-1d80668480af,False,False
TXN-847143bc02ad,False,False
TXN-8e67e9340578,False,False
TXN-ebeebc3c66ac,False,False
TXN-86060640b34f,False,False
TXN-a17d36e9f18d,False,False
TXN-5c6eb866e8eb,False,False
TXN-03709e0d36f4,False,False
TXN-d3403744369c,False,False
TXN-8f517e3296d5,False,False
TXN-655809ed71a8,False,False
TXN-9544e0e0b6c9,False,False
TXN-1473b2cd5138,False,False
TXN-d4bc01047206,False,False
TXN-912d03266bdc,False,False
TXN-b195c90a327c,False,False
TXN-d27fa8c051e4,False,False
TXN-47ac6ea9bb08,False,False
TXN-b07dda2f4885,False,False
TXN-7927dd94ee7f,False,False
TXN-5eabf6798a48,False,False
TXN-baf29b5e5af1,False,False
TXN-8e5e96f8a937,False,False
TXN-664be3798aee,False,False
TXN-d2a22257ddab,False,False
TXN-53383eac581c,False,False
TXN-fae28cb1b780,False,False
TXN-f61056fec45e,False,False
TXN-a8c35da26d17,False,False
TXN-6721eeafe49d,False,False
TXN-e0088035bd30,False,False
TXN-7fc41d46a1e1,False,False
TXN-4b3347ea9a19,False,False
TXN-990d32e83ef7,False,False
TXN-6ed8f5eb18a7,False,False
TXN-8800496e21b5,False,False
TXN-6f4446eff092,False,False
TXN-bb090226d2a0,False,False
TXN-23b0bc992100,False,False
TXN-a06b6d41acc2,False,False
TXN-0b5dae12d244,False,False
TXN-19dbf0fac4dc,False,False
TXN-3d4181f1665d,False,False
TXN-e9d817cef259,False,False
TXN-be9fc58123b2,False,False
TXN-48d23200ed6e,False,False
TXN-da7ee5d99ce5,False,False
TXN-b1e9b2ce9c39,False,False
TXN-8d57a9de5e84,False,False
TXN-b377b768ac94,False,False
TXN-3ec068633ede,False,False
TXN-7fbe15bc97e5,False,False
TXN-c3299e47ad68,False,False
TXN-a74c09a6cdca,False,False
TXN-e5417fc90d03,False,False
TXN-bf2152b692f1,False,False
TXN-ca6dd3accd2f,False,False
TXN-81cedcbb6227,False,False
TXN-7bc4e6f99f8d,False,False
TXN-33563e1edbff,False,False
TXN-a1b5ebda1ea7,False,False
TXN-ec2a2bb0c01d,False,False
TXN-af97f4e26291,False,False
TXN-f79c5a3e51e3,False,False
TXN-bbbcb9cf68d3,False,False
TXN-a9a89542597d,False,False
TXN-9874e51bae0b,False,False
TXN-77ea37211dd9,False,False
TXN-7cd7c9297b78,False,False
TXN-fe12ac4ea99f,False,False
TXN-3bf84ffb8ac8,False,False
TXN-33ab33b4a31e,False,False
TXN-25ef5d1274d0,False,False
TXN-a526212fad76,False,False
TXN-495a42953de3,False,False
TXN-ca435e567cdb,False,False
TXN-74ebf81965f1,False,False
TXN-4834503bcd0d,False,False
TXN-37053c4869e8,False,False
TXN-eb660f5acaae,False,False
TXN-7d21240e1c1d,False,False
TXN-40e7a00c89b6,False,False
TXN-21c480403fbe,False,False
TXN-b67457b86bb0,False,False
TXN-75237de035ad,False,False
TXN-6f006e12c4ea,False,False
TXN-a81c40729794,False,False
TXN-d3faaad69c9a,False,False
TXN-c33fe6a95fa1,False,False
TXN-c78b6d5f6096,False,False
TXN-47c91c9719e9,False,False
TXN-ce92a4d972d3,False,False
TXN-47e849ec8f31,False,False
TXN-34465b39ef08,False,False
TXN-220772aab540,False,False
TXN-fbda04aec85a,False,False
TXN-a1bbede91c01,False,False
TXN-a51424d41e99,False,False
TXN-a0de8e289c39,False,False
TXN-1a1f98950d89,False,False
TXN-9fbbc7c16ec6,False,False
TXN-fee613c76816,False,False
TXN-51a824ed6e1c,False,False
TXN-56fe16e54185,False,False
TXN-ff52429d6444,False,False
TXN-eed3b29cea31,False,False
TXN-b5b41a20f529,False,False
TXN-facd8b8d0528,False,False
TXN-bfacbd27f1ec,False,False
TXN-2791b8f182a1,False,False
TXN-4d661dd060fe,False,False
TXN-26639df76fec,False,False
TXN-f20688a61a8a,False,False
TXN-3f61def348ef,False,False
TXN-6984af894662,False,False
TXN-4fdb794e3e24,False,False
TXN-fbf76cf940b5,False,False
TXN-a439ceb92851,False,False
TXN-0c620c72c6ee,False,False
TXN-0650787836f9,False,False
TXN-66cb60759667,False,False
TXN-c599feeb6947,False,False
TXN-9445fa66a23a,False,False
TXN-3d5591e074ba,False,False
TXN-a305472da75f,False,False
TXN-d92016b4faac,False,False
TXN-b06983b2c73d,False,False
TXN-674afe2c1a2e,False,False
TXN-00e292160d21,False,False
TXN-8b80b080d20d,False,False
TXN-928ed4e7893e,False,False
TXN-61dc76d0c61e,True,True
TXN-2a583c31159d,False,False
TXN-54302960d031,False,False
TXN-76c2f0f68ab2,False,False
TXN-8e5118834576,False,False
TXN-04fb6b1a4b86,False,False
TXN-a1a43ab7c4c9,False,False
TXN-b0be6e7fe3cd,False,False
TXN-35ab7c79c188,False,False
TXN-5b25ab9ca063,False,False
TXN-036c7eb457cf,False,False
TXN-ed3d91b486af,False,False
TXN-3e38966ce662,False,False
TXN-9b776cd2df0a,False,False
TXN-2d2e186b12a3,False,False
TXN-c9b3a4b44139,False,False
TXN-d4831400dda4,False,False
TXN-b5b6d6814297,False,False
TXN-b48f48664c03,False,False
TXN-09a29228b919,False,False
TXN-037c8a5020c6,False,False
TXN-70e3e64b8b93,False,False
TXN-5986a512e8a0,False,False
TXN-b584accaed8f,False,False
TXN-48bd48eb6e5f,False,False
TXN-e9aa763de301,False,False
TXN-70b6bb5701db,False,False
TXN-1b105ca80068,False,False
TXN-b3aa64ab6d6e,False,False
TXN-9972193e9a0f,False,False
TXN-d65294a895f5,False,False
TXN-1dff15516a58,False,False
TXN-dfcd5c09fe31,False,False
TXN-fe18706d68e6,False,False
TXN-41f276135968,False,False
TXN-c7ca92837f59,False,False
TXN-c7f0c42e0ab6,False,False
TXN-a086e168515b,False,False
TXN-82d24a4dbf91,False,False
TXN-01293bf3775f,False,False
TXN-6e58a397fedf,False,False
TXN-2ccce788a3a8,False,False
TXN-c635652f39e4,False,False
TXN-39eb99cbbac2,False,False
TXN-713c7d4dc49c,False,False
TXN-576f3a907de7,False,False
TXN-cb3b4f55fc11,False,False
TXN-5d26c8f82acf,False,False
TXN-bd6099c536dc,False,False
TXN-ba3ed68183b4,False,False
TXN-73d0f53e6b29,False,False
TXN-ee8f25aa877e,False,False
TXN-36df8599f735,False,False
TXN-974749732a74,False,False
TXN-032d35ff004a,False,False
TXN-47281ed2d9e4,False,False
TXN-a5e15f432db7,False,False
TXN-645f8fd1f1c9,False,False
TXN-ba6332e38003,False,False
TXN-97f38a155293,False,False
TXN-d7e41686d469,False,False
TXN-f73fcc6f0a4d,False,False
TXN-faf20107d200,False,False
TXN-cd1a0c1dc5e6,False,False
TXN-13420d77e5ce,False,False
TXN-66956370581d,False,False
TXN-4e09350ffef4,False,False
TXN-0adb83ecb9a3,False,False
TXN-3f38788339a5,False,False
TXN-1004938dd630,False,False
TXN-d21575621044,False,False
TXN-0cee945f6045,False,False
TXN-9ec167fa442b,False,False
TXN-d3fc1d6b7a21,False,False
TXN-e819a9557c82,False,False
TXN-8c31d8549954,False,False
TXN-ee0f285fb502,False,False
TXN-0f16327ea58a,False,False
TXN-70812f4fbf01,True,True
TXN-2845a4ff90e7,False,False
TXN-774f890d561f,False,False
TXN-3e404d72632d,False,False
TXN-1a11d5bd692c,False,False
TXN-56bfa64525b7,False,False
TXN-3450bcb274f7,False,False
TXN-29fe050cd26e,False,False
TXN-c45471dde7a2,False,False
TXN-f04132658ced,False,False
TXN-759f69104b2b,False,False
TXN-c81f16ede769,False,False
TXN-08e7b99dd0e8,False,False
TXN-a01caa496561,False,False
TXN-f2a656619ed7,False,False
TXN-b99239df325a,False,False
TXN-ce19c4b5d0e4,False,False
TXN-3a8772eda7cd,False,False
TXN-4402969e8b12,False,False
TXN-01e3856b0923,False,False
TXN-d6ac5a15cc86,False,False
TXN-8da512318216,False,False
TXN-534597a215c5,False,False
TXN-4c36f0e15356,False,False
TXN-441d8d5ba52e,False,False
TXN-88c80a19f988,False,False
TXN-490c57794ead,False,False
TXN-caceee4caa1d,False,False
TXN-dc1528e07f29,False,False
TXN-93f4aaf9db38,False,False
TXN-e1da9d6b7d49,False,False
TXN-071a11d27680,False,False
TXN-7c1bf08779f2,False,False
TXN-a97107d74b39,False,False
TXN-a190601a5b48,False,False
TXN-1475a05d2d1a,False,False
TXN-72d127c6adcf,False,False
TXN-568cfab375a0,False,False
TXN-e612c769944f,False,False
TXN-2f4677e09afa,False,False
TXN-309573d42278,False,False
TXN-df86abce1d70,False,False
TXN-e7a2e0f81538,False,False
TXN-2f43090ea83c,False,False
TXN-823a36f8fdc9,False,False
TXN-0cf1dddd69bd,False,False
TXN-1fe417e4116e,False,False
TXN-8fb89392079b,False,False
TXN-096b3bc53e74,False,False
TXN-adcd3519ea21,False,False
TXN-0ccadbe26c22,False,False
TXN-025e17d35491,False,False
TXN-e27b901fef97,False,False
TXN-069e52e5ecc0,False,False
TXN-da8cf2286f5d,False,False
TXN-6e77c2bfeafd,False,False
TXN-bc59864ff3c3,False,False
TXN-25ed1b2a7cb4,False,False
TXN-86325b513154,False,False
TXN-6d50d2961e30,False,False
TXN-67c4b5fe872d,False,False
TXN-973142dab65f,False,False
TXN-6224ec0494d6,False,False
TXN-909465dab8e7,False,False
TXN-44dcf2a23214,False,False
TXN-e7dc95b73151,False,False
TXN-1e084706c36c,False,False
TXN-bba5d6c78124,False,False
TXN-1c0f88c7f280,False,False
TXN-63dccbe6f680,False,False
TXN-21dfb7976306,False,False
TXN-44f9fb1bb29a,False,False
TXN-bfbace230d25,False,False
TXN-9943eb92aebd,False,False
TXN-c8778d84c4dd,False,False
TXN-30be56364ce8,False,False
TXN-f4c50214d978,False,False
TXN-5a26645220d7,False,False
TXN-6e4da629056c,False,False
TXN-e202ac540f6c,False,False
TXN-29c74ff36db3,False,False
TXN-2bcbdea678bd,False,False
TXN-5b036d80fc22,False,False
TXN-fa61ea865885,False,False
TXN-058b7a7cd01a,False,False
TXN-410913753928,False,False
TXN-743bcd55a8b3,False,False
TXN-23b19513da27,False,False
TXN-b4c2fdcd4511,False,False
TXN-fa932c3b936f,False,False
TXN-68f43c3e9159,False,False
TXN-56b79c9a351c,False,False
TXN-8d3dfbbc181b,False,False
TXN-b435301d4bf5,False,False
TXN-18e683a3f1a2,False,False
TXN-69689f108ee0,False,False
TXN-9916777c5b31,False,False
TXN-74b6ac9e96cd,True,True
TXN-2d2ff79e786e,False,False
TXN-7210a82ed2ac,False,False
TXN-fe2312789040,False,False
TXN-edb4a327a32b,False,False
TXN-c751ebc32644,False,False
TXN-843a0d48f5b1,False,False
TXN-cbd228e90032,False,False
TXN-a2253bdff196,False,False
TXN-282c483223f8,False,False
TXN-72787a96195d,False,False
TXN-4bb15ac700ab,False,False
TXN-edcb1bafa0bc,False,False
TXN-309507e5dde3,False,False
TXN-1bcd3a0770b7,False,False
TXN-fd2752339d46,False,False
TXN-84ced9f06a15,False,False
TXN-fb3dd5dd7fec,False,False
TXN-786251cd767e,False,False
